Electorate,Tot_Population,Under_Age,Working_Age,Retired,Median_rent_weekly,Median_tot_fam_inc_weekly,Tot_P_Need_for_Asstn,Ave_Motor_Vehicle_per_Dwelling,Non_sch_quals_PostGrad_Dgre_P,Non_sch_quals_Gr_Dip_Gr_Crt_P,Non_sch_quals_Bchelr_Degree_P,Non_sch_quls_Advncd_Dip_Dip_P,Non_sch_quls_Cert3a4_Level_P,Non_sch_quls_Cert1a2_Level_P,Non_sch_quls_Certnfd_Level_P,Non_sch_quls_CertTot_Level_P,Full_time_Employ,Employ_away_from_work,Unemploy,One_method_Train_P,One_method_Bus_P,One_met_Tram_incl_lt_rail_P,One_method_Taxi_P,One_method_Car_as_driver_P,One_method_Car_as_passenger_P,One_method_Truck_P,One_method_Bicycle_P,One_method_Other_P,One_method_Walked_only_P,One_method_Tot_one_method_P,Two_methods_Train_Bus_P,Two_mt_trn_Trm_incl_lt_rl_P,Two_methods_Trn_Car_as_drvr_P,Two_methods_Trn_Car_as_pass_P,Two_methods_Train_Other_P,Two_methods_Train_Tot_P,Two_mth_Bu_Trm_inc_lt_rl_P,Two_methods_Bus_Car_as_drvr_P,Two_methods_Bus_Car_as_pass_P,Two_methods_Bus_Other_P,Two_methods_Bus_Tot_P,Two_methds_Othr_two_methds_P,Two_methods_Tot_two_methods_P,Three_meth_Trn_two_othr_met_P,Three_met_Bs_2_ot_met_ex_tr_P,Three_meth_Othr_three_meth_P,Three_meth_Tot_three_meth_P,Tot_P
Albert,69881,0.319285643,0.58837166,0.092399937,410,1806,69881,2.092855447,1091,668,4995,5384,12078,679,1180,13932,0.595365566,0.046316888,0.067594652,479,202,8,17,24766,1686,414,53,193,327,28396,74,0,203,32,17,321,0,43,22,3,76,228,624,88,12,5,107,33958
Algester,54310,0.293297735,0.60235684,0.104474314,370,1801,54310,1.943957865,1955,600,5802,4025,7379,494,809,8684,0.605632816,0.044417977,0.075664693,388,1308,4,28,18001,1439,241,69,134,235,22058,107,0,258,37,3,408,0,148,89,19,252,146,808,67,14,4,91,26390
Ashgrove,46556,0.277150099,0.60271501,0.120048973,400,2502,46556,1.754429415,3299,1539,9563,3622,4097,306,504,4904,0.598198476,0.040803757,0.05215952,840,2241,0,41,13517,1188,81,613,127,974,19971,155,0,105,23,13,300,3,149,82,23,259,165,721,48,20,13,83,24631
Aspley,44487,0.245217704,0.572212107,0.182750017,395,2115,44487,1.856706326,1996,910,6678,3700,5436,350,664,6442,0.594090068,0.04512022,0.058583165,956,1007,3,30,13659,1099,149,121,117,252,17637,125,0,326,56,18,526,0,73,61,7,148,107,785,55,9,4,67,21888
Barron River,60957,0.266614171,0.608232032,0.125203012,335,1802,60957,1.811324295,1821,1090,6990,5270,9740,551,999,11297,0.582486122,0.049616416,0.063587601,4,517,0,28,21090,1601,194,394,312,627,25046,0,0,4,0,0,3,0,18,50,21,92,236,330,5,12,17,37,30028
Beaudesert,58081,0.2724471,0.563247878,0.164167284,320,1544,58081,2.1058367,848,612,3859,4023,9623,664,1039,11323,0.580149029,0.055427082,0.059464817,53,128,0,11,17413,1094,535,44,177,640,20287,5,0,106,13,0,129,0,86,13,3,104,147,377,25,4,7,37,25622
Brisbane Central,62513,0.127109561,0.787148273,0.085646186,430,2322,62513,1.126213983,5645,1814,15961,4756,4677,442,671,5793,0.619467633,0.038378747,0.075891216,1693,4329,13,201,12211,1360,64,1106,280,7537,29386,363,4,50,22,36,482,0,63,69,84,263,170,919,81,53,18,158,35206
Broadwater,51599,0.18281362,0.568034264,0.249249016,355,1417,51599,1.575373317,1274,529,4894,4311,7998,498,1075,9573,0.550062893,0.043522013,0.08,154,317,29,36,15116,1062,112,208,196,472,17924,63,0,87,16,5,167,53,13,21,4,95,170,428,49,23,12,81,21937
Buderim,49957,0.259803431,0.552635266,0.187601337,410,1701,49957,1.871080539,1403,919,5884,4410,7717,445,910,9073,0.530569277,0.042635031,0.068629039,54,268,6,25,16069,1100,199,157,204,300,18547,11,0,65,4,0,77,0,19,27,13,58,145,275,14,16,10,43,23007
Bulimba,52351,0.242211228,0.659261523,0.098412638,429,2541,52351,1.685357085,3115,1444,10334,4239,5482,309,619,6412,0.646811723,0.039283253,0.048636408,1493,1448,3,73,16255,1279,126,552,187,631,23183,209,0,158,46,28,447,0,78,48,26,391,368,1203,72,72,14,164,28995
Bundaberg,43702,0.240057663,0.525628118,0.234451513,255,1168,43702,1.544701373,355,314,2479,2067,6825,614,662,8108,0.512195122,0.047813975,0.115754165,4,161,0,37,10962,1306,139,163,78,378,13414,0,0,8,0,0,8,0,8,3,4,17,99,126,0,0,7,7,15549
Bundamba,79568,0.337786547,0.591167303,0.070945606,340,1615,79568,1.819708091,1446,700,5713,5280,11386,954,1224,13556,0.596100714,0.049444821,0.098524735,1607,181,3,41,23567,2128,280,76,186,326,28755,207,0,528,117,48,901,0,22,25,5,60,249,1212,175,0,15,190,34584
Burdekin,48265,0.238868745,0.593597845,0.167533409,250,1547,48265,1.859918579,545,388,3010,2231,7762,518,614,8899,0.615592762,0.056147472,0.068239472,4,234,0,25,14837,1442,350,214,220,1091,18600,0,0,3,0,0,6,0,20,6,3,34,127,162,0,4,3,6,22036
Burleigh,51486,0.228877753,0.594336324,0.176844191,390,1695,51486,1.720668323,1372,761,6020,4328,8230,411,909,9546,0.562754256,0.0460675,0.058121139,184,428,26,26,17580,1012,152,354,151,502,20623,42,0,72,11,11,136,81,16,26,10,126,156,420,35,20,11,57,24998
Burnett,48417,0.233822831,0.539872359,0.226222195,280,1218,48417,1.88118527,597,535,3227,2828,8390,598,766,9757,0.535362975,0.052478851,0.096252213,10,159,0,10,12529,1024,242,88,142,637,14982,0,0,10,0,0,9,0,14,3,0,21,98,124,0,9,4,11,18376
Cairns,60238,0.234038315,0.625634981,0.140260301,266,1419,60238,1.457616649,1277,751,5960,4252,8484,753,906,10145,0.556409638,0.050635966,0.092413223,17,509,7,171,16765,1864,125,833,377,1461,22433,0,0,12,3,0,12,0,13,43,33,86,217,315,0,27,20,44,26332
Callide,46182,0.249880906,0.550019488,0.199969685,175,1259,46182,1.949523629,309,322,2265,2124,6457,568,693,7714,0.600456281,0.062540297,0.065764023,3,269,3,8,10604,1023,289,102,238,1303,13993,0,0,0,0,0,0,0,32,8,3,42,114,157,0,4,14,20,18835
Caloundra,51095,0.235404638,0.538076133,0.2266758,350,1426,51095,1.758372692,916,694,4415,4056,8793,520,983,10292,0.52370409,0.05326908,0.073803942,113,245,0,15,14271,1129,250,164,183,573,17069,19,0,90,10,8,123,0,7,18,9,39,136,295,20,12,8,39,21329
Capalaba,47361,0.258313802,0.600620764,0.14100209,370,1795,47361,1.962773812,803,556,3990,3695,8739,527,790,10060,0.594380011,0.046469993,0.063088659,455,573,3,33,16719,1110,274,88,118,284,19918,47,0,168,24,13,257,0,124,43,9,180,175,616,53,19,3,80,24073
Chatsworth,51151,0.266329104,0.606557057,0.12685969,425,2272,51151,1.888888889,2427,1159,8491,4147,5935,326,704,6959,0.615376424,0.040890214,0.050012423,366,2202,3,37,16731,1256,196,167,128,354,21707,63,0,211,23,8,302,0,182,98,20,315,226,834,50,25,5,83,26771
Clayfield,52226,0.211944242,0.670202581,0.117872324,360,2409,52226,1.54229249,3295,1387,10935,4351,4886,329,702,5922,0.63359654,0.039415484,0.051767635,2614,1737,13,93,15755,1325,91,415,230,863,23503,321,0,244,78,36,692,0,89,40,20,172,158,1016,84,20,12,116,28940
Cleveland,50283,0.247260506,0.556987451,0.195652606,400,1914,50283,1.869212114,1379,816,5322,4618,7778,438,933,9147,0.589872227,0.041036294,0.056400408,882,311,3,27,16050,1058,202,108,185,447,19478,68,0,178,44,22,320,0,52,29,3,85,235,639,58,15,23,92,24076
Condamine,57395,0.295147661,0.5599094,0.145099747,255,1626,57395,2.102307524,837,520,4113,3301,9102,645,847,10594,0.596901131,0.055020729,0.05979903,8,131,0,20,18274,1439,451,129,215,866,21713,3,0,4,0,0,3,0,5,3,3,19,166,190,3,3,10,15,26761
Cook,51639,0.290865431,0.581304828,0.127849106,150,1302,51639,1.549927162,519,432,2906,2575,7557,872,728,9154,0.574500137,0.061672601,0.097324934,0,264,0,41,10700,1428,200,371,384,2788,16351,3,0,3,0,0,3,0,6,8,9,30,179,216,3,10,15,27,19778
Coomera,74650,0.289457468,0.566349632,0.144286671,395,1636,74650,1.874807059,1322,690,5529,5822,11543,739,1412,13700,0.582688108,0.045066508,0.079469072,523,223,8,26,22859,1761,338,79,270,415,26753,91,0,183,43,14,334,5,22,18,4,60,212,607,104,18,7,123,32455
Currumbin,48520,0.224051937,0.577184666,0.198928277,367,1609,48520,1.788927732,1081,644,4949,4084,8091,384,943,9422,0.528087541,0.05024433,0.062815854,93,266,3,24,15625,890,173,248,155,581,18194,10,0,56,6,8,81,19,15,17,4,61,140,275,31,3,4,37,22435
Dalrymple,48456,0.26706703,0.555122173,0.177769523,200,1427,48456,1.850235265,561,443,3106,2520,7486,526,690,8705,0.574110953,0.063015647,0.074632527,6,279,3,13,11939,1160,234,93,213,1111,15174,0,0,0,0,0,4,0,40,10,3,50,114,163,0,6,8,16,19520
Everton,46194,0.269948478,0.594752565,0.135385548,385,2173,46194,1.885209989,1649,1035,6635,4142,6360,346,648,7348,0.605545301,0.042414484,0.050858108,1150,686,7,32,15315,1005,158,236,122,369,19379,139,0,483,64,21,705,0,82,42,3,126,141,974,77,12,9,95,24170
Ferny Grove,45719,0.286248606,0.574465758,0.139088781,380,2192,45719,2.013906532,1870,1225,6931,3960,5993,322,696,7010,0.580893043,0.046645898,0.053499481,1754,139,0,25,13485,961,164,153,109,271,17369,141,0,665,135,39,973,0,45,16,3,63,157,1195,100,4,8,120,22789
Gaven,58463,0.280433779,0.589381318,0.130150694,395,1665,58463,1.979756871,1025,643,4759,4684,9875,562,1009,11445,0.568963242,0.043456741,0.070118128,243,231,9,23,20623,1462,305,74,184,291,23674,63,0,104,24,15,199,23,12,32,6,71,170,441,52,12,9,70,28187
Gladstone,55616,0.295940017,0.610417865,0.093660098,250,2023,55616,1.895930044,629,511,3814,2824,10946,678,715,12339,0.592175777,0.049874955,0.109610575,3,560,3,54,16535,1270,124,149,151,601,19971,0,0,7,0,0,4,0,18,6,5,170,538,715,3,637,18,656,24923
Glass House,55380,0.25061394,0.568562658,0.180859516,320,1459,55380,2.100138773,991,802,4302,4265,9479,631,962,11068,0.53145098,0.053803922,0.071019608,366,135,4,14,15100,1141,508,54,161,627,18276,41,0,137,26,16,223,0,6,9,6,20,157,400,69,8,10,81,23690
Greenslopes,47328,0.24063979,0.639156525,0.12033046,370,2316,47328,1.639421401,3065,1410,9824,3601,4690,337,551,5576,0.610667065,0.043213565,0.054082319,358,3425,3,54,14292,1134,75,506,138,482,20734,125,0,58,16,7,204,0,189,100,32,326,184,714,35,27,10,74,25323
Gregory,41497,0.29098489,0.60708003,0.10205557,150,1924,41497,1.94515885,350,329,2622,1890,6412,496,528,7432,0.656713579,0.063569798,0.050114112,4,581,0,20,11389,1102,203,167,257,1605,15447,0,0,0,0,0,0,0,85,9,6,98,119,219,0,4,19,23,19971
Gympie,49300,0.238458418,0.540283976,0.221095335,255,1163,49300,1.827372304,521,485,2898,3240,8446,657,846,9952,0.502431365,0.05642792,0.092391855,7,148,0,17,11801,964,318,57,143,567,14148,5,0,8,0,0,16,0,10,5,3,23,96,127,0,8,4,16,17920
Hervey Bay,53035,0.220910719,0.49791647,0.281191666,290,1093,53035,1.595002524,641,602,3435,3437,8952,607,1005,10565,0.481239296,0.051325964,0.11931081,5,121,0,25,11608,1003,159,196,129,491,13912,3,0,6,0,0,4,0,7,6,3,22,150,175,4,8,4,16,16967
Hinchinbrook,52783,0.2585681,0.580205748,0.161396662,275,1535,52783,1.904827058,488,426,3235,2892,9897,529,685,11115,0.596434234,0.056232355,0.071779402,3,477,0,18,16426,1362,300,134,295,781,20019,0,0,4,0,0,3,0,28,14,0,51,151,208,0,7,11,19,23999
Inala,58495,0.285819301,0.612479699,0.101940337,310,1377,58495,1.777317483,1063,470,4107,3340,6704,585,752,8033,0.557690761,0.048484361,0.109753156,887,453,0,29,14657,1533,205,101,102,265,18442,191,0,296,63,21,573,0,38,35,7,84,149,803,81,8,6,103,22143
Indooroopilly,49953,0.247893019,0.639421056,0.112585831,420,2424,49953,1.534125858,5873,1405,12050,3040,2669,280,454,3406,0.520830916,0.04440834,0.092955785,2174,1426,4,54,11076,907,44,800,151,1243,18203,329,0,150,74,48,613,0,71,40,28,172,145,929,105,21,15,139,23446
Ipswich,52119,0.280089795,0.580172298,0.139929776,280,1502,52119,1.722695194,663,534,3441,3404,8736,653,779,10168,0.582122033,0.049437464,0.089102406,734,136,0,30,15202,1239,210,96,101,460,18435,102,0,268,65,15,443,0,14,9,0,28,156,630,59,3,14,72,22182
Ipswich West,55108,0.290284532,0.572856935,0.136949263,289,1484,55108,1.943808939,638,530,3172,3489,9247,689,900,10836,0.583353255,0.049406327,0.082596223,343,120,0,16,16204,1099,356,70,123,375,18919,63,0,303,47,11,412,0,17,11,3,30,150,599,64,4,4,68,23025
Kallangur,53146,0.287585143,0.589602228,0.122944342,345,1651,53146,1.878592638,706,599,3768,3988,9325,593,876,10797,0.597282569,0.045806024,0.077177995,1237,212,3,22,16687,1198,301,70,139,259,20409,213,0,390,101,39,745,0,37,7,3,46,164,951,97,10,5,110,25061
Kawana,53503,0.26305067,0.531689812,0.205147375,415,1521,53503,1.768902634,987,676,4952,4094,9068,556,998,10621,0.527064732,0.046795281,0.073580995,57,306,5,17,16254,1050,204,252,197,403,18886,14,0,67,7,7,90,0,9,28,5,34,155,284,15,14,12,43,23246
Keppel,54580,0.269879077,0.573671675,0.156430927,300,1657,54580,1.871815807,887,711,4247,3043,9119,618,737,10472,0.577151335,0.052651602,0.079928479,12,443,0,32,16991,1486,235,106,129,540,20158,0,0,3,0,0,3,0,33,24,5,60,119,186,0,12,8,17,24191
Lockyer,55221,0.279241593,0.579344814,0.141522247,285,1542,55221,2.175097959,652,456,3241,3296,8863,640,850,10357,0.579953917,0.055069124,0.072580645,102,122,3,8,16527,1448,553,27,139,488,19603,10,0,142,25,3,182,0,37,11,0,49,133,359,21,13,3,44,24150
Logan,50214,0.294798263,0.592663401,0.112617995,365,1652,50214,2.208684598,514,361,2775,3055,8765,537,821,10133,0.599264124,0.049533154,0.076594398,88,485,0,18,16461,1213,609,41,137,239,19468,34,0,116,15,3,165,0,163,66,12,243,139,550,28,12,6,48,23340
Lytton,49425,0.256975215,0.582741528,0.160424886,390,1950,49425,1.75287455,1439,846,5677,3958,7134,411,835,8378,0.601311271,0.047026225,0.064392757,1707,271,3,33,15098,1185,189,212,164,429,19543,157,0,226,78,39,491,0,33,21,3,57,191,737,85,12,18,111,23983
Mackay,43364,0.24349691,0.605594502,0.150654921,250,1596,43364,1.633640114,486,412,3108,2229,7989,439,546,8967,0.582076432,0.049273619,0.104099195,3,369,0,61,13547,1282,134,286,98,581,16533,3,0,3,0,0,6,0,22,13,8,45,133,187,0,10,7,16,19367
Mansfield,46906,0.257088645,0.596938558,0.145994116,400,1957,46906,1.811772358,2688,963,7905,3621,4737,361,643,5740,0.571023793,0.04175174,0.072669695,57,2405,3,33,13548,1153,137,136,103,447,18251,72,0,34,0,0,106,0,252,123,33,413,138,656,32,20,10,61,22259
Maroochydore,52691,0.193752254,0.604904063,0.201134919,350,1468,52691,1.634988041,1355,884,6077,4476,8929,499,989,10414,0.535871986,0.045967468,0.070498547,43,456,0,19,16635,1056,180,316,208,958,20062,4,0,45,0,0,58,0,11,18,14,46,155,256,14,26,10,53,24630
Maryborough,51102,0.226233807,0.531701303,0.24190834,240,1080,51102,1.772302002,359,408,2317,2747,8897,733,883,10509,0.498195341,0.056327245,0.122826206,7,136,0,28,10745,853,249,179,108,507,12978,0,0,4,0,0,7,0,10,9,3,22,109,133,0,8,0,9,16038
Mermaid Beach,53648,0.219840441,0.604906054,0.175253504,420,1723,53648,1.765028464,1927,709,6962,4868,7403,382,988,8773,0.556311198,0.042371373,0.064910094,217,387,161,35,17777,1169,150,336,194,723,21341,49,3,70,12,9,141,83,16,25,0,134,205,481,39,26,5,67,26268
Mirani,53528,0.266141085,0.608223733,0.125653863,200,1799,53528,2.062284355,327,354,2457,2185,9834,561,693,11087,0.617457232,0.061469673,0.071500778,4,629,0,12,15332,1164,310,111,216,896,18818,0,0,4,0,0,7,0,79,14,5,101,140,251,0,9,8,21,23876
Moggill,47419,0.287374259,0.556085114,0.156456273,440,2446,47419,2.044762344,4267,1432,9527,3940,3910,293,642,4849,0.570139392,0.03968254,0.059141085,226,1226,0,26,14249,980,114,385,112,314,17896,131,0,347,55,3,544,0,183,67,20,269,231,1044,68,25,12,104,23357
Morayfield,55741,0.31118925,0.57742057,0.111641341,330,1560,55741,1.990049751,486,474,3025,3845,9981,683,891,11555,0.56341696,0.04870892,0.085790786,1003,132,6,17,16599,1452,384,61,147,292,20337,110,0,309,86,46,553,0,11,14,5,30,162,738,106,5,7,116,24924
Mount Coot-tha,46006,0.203495196,0.701821502,0.09463983,420,2611,46006,1.531649314,4622,1527,12409,3050,3088,225,418,3733,0.596992807,0.039144107,0.064625727,1238,2655,13,113,11887,1157,43,1093,164,2008,20777,318,0,51,32,22,438,0,84,79,53,231,190,855,81,30,17,125,25879
Mount Isa,32588,0.288326992,0.619399779,0.092395974,180,2021,32588,1.745252525,390,266,2015,1299,4984,362,353,5696,0.695928598,0.061865754,0.063821983,3,174,0,82,8947,1070,151,197,248,1766,12843,0,0,0,0,0,3,0,6,0,3,9,104,117,0,0,16,23,15307
Mount Ommaney,46446,0.264866727,0.592085433,0.143155492,400,2177,46446,1.858557921,2893,1172,8310,3814,4792,327,659,5785,0.595982322,0.041502611,0.059541985,1553,565,3,39,14370,994,99,296,134,315,18592,300,0,420,94,35,849,0,55,47,6,111,170,1130,107,10,8,128,23407
Mudgeeraba,56410,0.268126219,0.572150328,0.159723453,420,1743,56410,1.979643072,1512,806,5798,4921,8554,469,1018,10037,0.554756195,0.045702568,0.059952038,238,195,7,17,19141,1355,234,116,182,374,22063,22,0,100,11,13,150,20,16,29,0,60,167,379,45,13,10,71,27040
Mulgrave,52611,0.309459999,0.564615765,0.125810192,270,1449,52611,1.782077639,445,418,2914,2904,8783,653,786,10216,0.569635928,0.053042186,0.09213242,6,333,3,40,15431,1505,245,158,224,584,18713,0,0,3,3,0,10,0,8,23,7,43,159,212,0,8,9,22,21993
Mundingburra,44724,0.273656202,0.582282443,0.143971917,300,1660,44724,1.75100296,1318,622,4697,2768,6416,503,508,7430,0.547839784,0.050225023,0.099189919,7,256,0,45,14025,1289,90,442,151,468,17041,4,0,0,0,0,8,0,16,28,13,58,143,206,0,9,11,15,20015
Murrumba,73389,0.303505975,0.565057434,0.131600104,360,1653,73389,1.830928879,1179,776,5762,5479,11608,812,1158,13579,0.587611623,0.049099929,0.082948264,732,345,0,49,21928,1855,368,95,203,455,26371,177,0,592,94,13,880,0,28,33,3,70,201,1150,122,11,4,143,32344
Nanango,50313,0.251942838,0.532764892,0.215391648,230,1221,50313,1.915561052,450,435,2882,2968,8000,669,877,9539,0.56178147,0.057482369,0.070379673,10,138,0,14,12153,967,328,87,154,882,14876,0,0,31,3,0,38,0,8,4,4,20,82,138,3,0,6,13,19243
Nicklin,51460,0.248289934,0.557811893,0.193878741,330,1415,51460,1.896744602,865,710,4351,4114,9066,548,898,10516,0.515632232,0.04998948,0.074731748,48,206,0,21,15196,1004,306,49,181,562,17736,7,0,37,0,3,50,0,11,18,3,30,150,234,4,16,13,38,21987
Noosa,52125,0.230848921,0.534829736,0.234455635,400,1468,52125,1.806344522,1420,924,6018,4850,8083,442,1077,9608,0.497975538,0.044959933,0.065837199,45,333,5,24,14171,1020,175,189,254,640,17070,0,0,25,0,0,23,0,11,30,7,54,133,211,6,9,8,28,22156
Nudgee,54688,0.226375073,0.641639848,0.131893651,365,1892,54688,1.587292191,2012,1025,7754,4491,7403,514,745,8661,0.617443669,0.048572279,0.065612282,2936,1022,0,59,15965,1379,191,268,174,733,23048,281,0,411,117,43,845,0,51,50,11,116,163,1118,98,13,9,118,28245
Pine Rivers,53732,0.286551775,0.597800194,0.115685253,350,1825,53732,1.976086339,974,713,4691,4332,9009,587,818,10416,0.598764342,0.048437776,0.065984113,1269,206,3,17,17222,1190,290,96,149,378,21149,155,0,538,86,37,812,0,48,24,8,76,164,1054,104,4,6,114,26462
Pumicestone,54770,0.215957641,0.505513968,0.278510133,300,1179,54770,1.631012134,593,496,2979,3703,9179,664,993,10840,0.510742996,0.055152253,0.111327649,374,181,0,10,11847,1149,259,110,140,399,14629,59,0,191,19,14,283,0,11,22,4,36,113,435,50,5,0,55,18244
Redcliffe,49437,0.211622874,0.559702247,0.228452374,310,1468,49437,1.600628769,938,646,4044,3909,8116,505,938,9557,0.55855816,0.051481645,0.08412207,256,309,0,31,13441,1004,175,144,154,636,16387,160,0,430,45,9,652,0,20,31,12,61,145,858,95,13,8,114,20703
Redlands,51755,0.256709497,0.548855183,0.194338711,395,1754,51755,1.935202492,964,670,4233,4205,9356,528,950,10838,0.578586413,0.0472406,0.063135388,111,419,0,10,15726,961,335,54,134,341,18307,14,0,117,12,3,142,0,155,33,5,240,600,985,43,66,61,171,23223
Rockhampton,49573,0.277610796,0.565247211,0.157182337,270,1485,49573,1.656260941,664,517,3377,2261,7687,663,616,8959,0.570000869,0.052055271,0.09880942,4,292,0,83,14247,1477,222,208,89,726,17544,0,0,4,0,0,13,0,31,14,0,41,142,198,0,4,4,13,20742
Sandgate,49956,0.248338538,0.5935223,0.158239251,365,1857,49956,1.702235602,1556,870,6080,4093,7142,426,732,8299,0.596081008,0.046571848,0.063500039,1749,772,7,39,14854,1107,188,139,116,352,19595,215,0,445,71,46,785,0,32,52,8,95,144,1025,84,9,8,101,24231
South Brisbane,55671,0.159185213,0.746061684,0.094609402,400,2169,55671,1.3048263,5312,1608,13452,4153,4534,352,592,5474,0.590464293,0.038071443,0.07644032,607,4521,3,140,12532,1228,66,1562,224,3570,25647,227,0,23,16,17,286,0,86,87,91,375,282,949,84,46,24,159,31048
Southern Downs,49115,0.252265092,0.53118192,0.216491907,220,1260,49115,1.872313815,490,416,3076,2695,7034,538,830,8402,0.572176411,0.058695451,0.056008524,5,53,3,42,13048,1165,361,113,181,1043,16134,0,0,3,0,0,8,0,4,0,3,8,121,133,8,3,9,15,20373
Southport,59729,0.214552395,0.614508865,0.170838286,365,1422,59729,1.58747803,2113,668,6657,4872,8058,498,1031,9583,0.519509017,0.043612425,0.09291641,233,419,581,52,17095,1547,134,306,203,1179,22006,70,10,80,14,3,181,104,13,15,15,155,245,577,63,33,26,121,26456
Springwood,49374,0.266273747,0.602989428,0.130858346,370,1920,49374,2.002251019,1439,787,5719,4129,7865,433,773,9071,0.605558029,0.043076581,0.061962007,58,1514,0,36,17125,1184,245,79,131,263,20865,48,0,27,13,0,91,0,265,93,17,380,171,650,31,26,8,64,25280
Stafford,47287,0.231374374,0.63548121,0.133102121,360,2174,47287,1.587216148,2522,1262,9043,3548,5235,359,582,6176,0.616710576,0.045050809,0.054911554,1110,2280,3,65,14136,1125,119,436,133,730,20486,196,0,283,46,23,543,0,96,63,39,198,175,918,53,19,7,79,25113
Stretton,59141,0.265839265,0.631845928,0.102314807,400,1658,59141,1.919593978,4360,832,10197,4444,4892,361,692,5950,0.559340253,0.042561053,0.086297827,448,2457,5,60,17311,1642,152,93,136,264,22712,129,0,106,24,7,268,0,259,140,20,427,202,890,63,34,3,97,27204
Sunnybank,54785,0.217358766,0.637108698,0.145605549,370,1420,54785,1.723770637,3668,755,8661,3920,5110,439,659,6209,0.513280468,0.043459851,0.108938332,695,2193,5,71,13596,1534,143,142,137,644,19329,195,0,105,19,6,329,0,138,97,18,257,167,746,71,23,5,94,23146
Surfers Paradise,58376,0.177178978,0.636340277,0.186360833,380,1627,58376,1.543958324,2121,784,7929,5270,7159,472,1066,8692,0.540176482,0.041680594,0.07320008,270,408,806,64,16509,1247,115,413,298,1993,22394,65,16,100,13,12,201,172,19,14,8,214,228,644,54,31,22,107,27729
Thuringowa,52997,0.311979923,0.582731098,0.105100289,300,1631,52997,1.902335205,568,485,3466,3146,9261,583,666,10511,0.57917272,0.050233198,0.095955348,9,271,3,24,17419,1457,209,188,194,318,20365,0,0,0,3,0,4,0,13,17,12,49,152,201,0,8,9,19,23650
Toowoomba North,50427,0.26265691,0.561683225,0.175759018,275,1538,50427,1.693012414,1262,826,5040,3342,7405,608,726,8744,0.580002511,0.044364458,0.073243209,9,103,0,73,15567,1392,185,209,109,867,18705,0,0,5,0,0,7,0,5,11,10,24,161,193,0,3,9,10,22145
Toowoomba South,51015,0.257728119,0.543310791,0.199274723,295,1546,51015,1.61772395,1597,758,5506,3302,7143,543,726,8414,0.57952962,0.044504497,0.074314909,11,96,3,77,15780,1542,141,224,101,608,18755,3,0,15,0,0,14,0,5,6,4,25,162,200,0,11,3,12,21918
Townsville,49815,0.234367158,0.634226639,0.131225534,265,1691,49815,1.535979883,1520,774,5793,3325,7480,509,609,8600,0.592599836,0.048578245,0.090507295,3,343,3,54,15557,1412,149,489,188,1210,19765,3,0,5,0,3,8,0,8,17,10,46,277,328,0,26,47,77,23254
Warrego,41111,0.269660188,0.570261001,0.160176109,180,1480,41111,1.967829401,290,287,2531,2229,5548,494,551,6593,0.643181008,0.057567884,0.05053747,5,94,0,16,10655,1009,316,154,269,1422,14083,3,0,3,0,0,6,0,7,0,4,11,125,144,0,3,20,28,18642
Waterford,64271,0.286505578,0.579437071,0.134026233,330,1419,64271,1.7555351,709,487,3689,3889,10180,824,1062,12072,0.585965272,0.048981406,0.097347553,636,488,3,29,18447,1657,319,72,127,341,22386,86,0,117,45,28,277,0,108,47,10,163,187,623,79,7,6,91,26408
Whitsunday,59648,0.271241282,0.612225054,0.116550429,300,1817,59648,1.895714587,685,586,4334,3769,11144,646,926,12710,0.608214181,0.053968668,0.069244048,14,678,3,52,18565,1461,229,161,415,1569,23444,0,0,7,0,0,7,0,45,22,9,84,262,357,3,17,18,43,28572
Woodridge,63578,0.331026456,0.573169964,0.095882223,310,1268,63578,1.705920945,829,335,3098,3295,8021,830,933,9787,0.54760354,0.051990345,0.135282173,414,692,0,59,15416,1724,247,74,124,286,19268,111,0,73,35,11,227,0,140,51,9,205,152,585,50,6,3,59,22576
Yeerongpilly,51391,0.227958203,0.654628242,0.117277344,360,2157,51391,1.621468,3681,1496,10117,3789,5121,377,622,6119,0.576721792,0.044135092,0.070371921,1356,2488,0,60,14361,1228,111,862,114,638,21540,283,0,112,43,32,475,0,139,81,39,269,173,921,76,22,8,99,26645
