Electorate,TotalEstimatedCost,Party,Safety,Margin,MarginPower,Unnamed: 0,Tot_Population,Under_Age,Working_Age,Retired,Median_rent_weekly,Median_tot_fam_inc_weekly,Tot_P_Need_for_Asstn,Ave_Motor_Vehicle_per_Dwelling,Non_sch_quals_PostGrad_Dgre_P,Non_sch_quals_Gr_Dip_Gr_Crt_P,Non_sch_quals_Bchelr_Degree_P,Non_sch_quls_Advncd_Dip_Dip_P,Non_sch_quls_Cert3a4_Level_P,Non_sch_quls_Cert1a2_Level_P,Non_sch_quls_Certnfd_Level_P,Non_sch_quls_CertTot_Level_P,Full_time_Employ,Employ_away_from_work,Unemploy,One_method_Train_P,One_method_Bus_P,One_met_Tram_incl_lt_rail_P,One_method_Taxi_P,One_method_Car_as_driver_P,One_method_Car_as_passenger_P,One_method_Truck_P,One_method_Bicycle_P,One_method_Other_P,One_method_Walked_only_P,One_method_Tot_one_method_P,Two_methods_Train_Bus_P,Two_mt_trn_Trm_incl_lt_rl_P,Two_methods_Trn_Car_as_drvr_P,Two_methods_Trn_Car_as_pass_P,Two_methods_Train_Other_P,Two_methods_Train_Tot_P,Two_mth_Bu_Trm_inc_lt_rl_P,Two_methods_Bus_Car_as_drvr_P,Two_methods_Bus_Car_as_pass_P,Two_methods_Bus_Other_P,Two_methods_Bus_Tot_P,Two_methds_Othr_two_methds_P,Two_methods_Tot_two_methods_P,Three_meth_Trn_two_othr_met_P,Three_met_Bs_2_ot_met_ex_tr_P,Three_meth_Othr_three_meth_P,Three_meth_Tot_three_meth_P,Tot_P,Enrolment
ALGESTER,7700000,ALP,Safe,28.85,28.85,2,54310.0,0.293297735,0.60235684,0.104474314,370.0,1801.0,54310.0,1.943957865,1955.0,600.0,5802.0,4025.0,7379.0,494,809.0,8684.0,0.605632816,0.044417977000000004,0.07566469299999999,388.0,1308.0,4.0,28.0,18001.0,1439.0,241.0,69.0,134.0,235.0,22058.0,107.0,0,258.0,37.0,3.0,408.0,0.0,148.0,89.0,19.0,252.0,146.0,808.0,67.0,14.0,4.0,91.0,26390.0,35643
ASPLEY,15000000,ALP,Marginal,2.34,2.34,4,44487.0,0.24521770399999998,0.572212107,0.182750017,395.0,2115.0,44487.0,1.8567063259999999,1996.0,910.0,6678.0,3700.0,5436.0,350,664.0,6442.0,0.594090068,0.04512022,0.058583165,956.0,1007.0,3.0,30.0,13659.0,1099.0,149.0,121.0,117.0,252.0,17637.0,125.0,0,326.0,56.0,18.0,526.0,0.0,73.0,61.0,7.0,148.0,107.0,785.0,55.0,9.0,4.0,67.0,21888.0,33523
BARRON RIVER,169975000,ALP,Marginal,3.72,3.72,5,60957.0,0.266614171,0.608232032,0.125203012,335.0,1802.0,60957.0,1.811324295,1821.0,1090.0,6990.0,5270.0,9740.0,551,999.0,11297.0,0.582486122,0.049616415999999997,0.063587601,4.0,517.0,0.0,28.0,21090.0,1601.0,194.0,394.0,312.0,627.0,25046.0,0.0,0,4.0,0.0,0.0,3.0,0.0,18.0,50.0,21.0,92.0,236.0,330.0,5.0,12.0,17.0,37.0,30028.0,31459
BONNEY,48017000,LNP,Marginal,3.38,-3.38,80,58376.0,0.17717897800000001,0.6363402770000001,0.186360833,380.0,1627.0,58376.0,1.543958324,2121.0,784.0,7929.0,5270.0,7159.0,472,1066.0,8692.0,0.540176482,0.041680594,0.07320008,270.0,408.0,806.0,64.0,16509.0,1247.0,115.0,413.0,298.0,1993.0,22394.0,65.0,16,100.0,13.0,12.0,201.0,172.0,19.0,14.0,8.0,214.0,228.0,644.0,54.0,31.0,22.0,107.0,27729.0,35920
BUDERIM,6871000,LNP,Safe,22.81,-22.81,9,49957.0,0.25980343100000003,0.552635266,0.18760133699999998,410.0,1701.0,49957.0,1.871080539,1403.0,919.0,5884.0,4410.0,7717.0,445,910.0,9073.0,0.530569277,0.042635031,0.068629039,54.0,268.0,6.0,25.0,16069.0,1100.0,199.0,157.0,204.0,300.0,18547.0,11.0,0,65.0,4.0,0.0,77.0,0.0,19.0,27.0,13.0,58.0,145.0,275.0,14.0,16.0,10.0,43.0,23007.0,33923
BULIMBA,12950000,ALP,Safe,21.56,21.56,10,52351.0,0.242211228,0.659261523,0.09841263800000001,429.0,2541.0,52351.0,1.685357085,3115.0,1444.0,10334.0,4239.0,5482.0,309,619.0,6412.0,0.646811723,0.039283253,0.048636408,1493.0,1448.0,3.0,73.0,16255.0,1279.0,126.0,552.0,187.0,631.0,23183.0,209.0,0,158.0,46.0,28.0,447.0,0.0,78.0,48.0,26.0,391.0,368.0,1203.0,72.0,72.0,14.0,164.0,28995.0,30698
BUNDABERG,6379214,LNP,Fairly Safe,8.4,-8.4,11,43702.0,0.240057663,0.525628118,0.234451513,255.0,1168.0,43702.0,1.544701373,355.0,314.0,2479.0,2067.0,6825.0,614,662.0,8108.0,0.5121951220000001,0.047813975,0.115754165,4.0,161.0,0.0,37.0,10962.0,1306.0,139.0,163.0,78.0,378.0,13414.0,0.0,0,8.0,0.0,0.0,8.0,0.0,8.0,3.0,4.0,17.0,99.0,126.0,0.0,0.0,7.0,7.0,15549.0,33796
BUNDAMBA,2000000,ALP,Safe,43.11,43.11,12,79568.0,0.33778654700000005,0.591167303,0.070945606,340.0,1615.0,79568.0,1.8197080909999999,1446.0,700.0,5713.0,5280.0,11386.0,954,1224.0,13556.0,0.596100714,0.04944482099999999,0.098524735,1607.0,181.0,3.0,41.0,23567.0,2128.0,280.0,76.0,186.0,326.0,28755.0,207.0,0,528.0,117.0,48.0,901.0,0.0,22.0,25.0,5.0,60.0,249.0,1212.0,175.0,0.0,15.0,190.0,34584.0,33512
BURDEKIN,4300000,LNP,Swing,1.6,-1.6,13,48265.0,0.238868745,0.593597845,0.167533409,250.0,1547.0,48265.0,1.8599185790000001,545.0,388.0,3010.0,2231.0,7762.0,518,614.0,8899.0,0.615592762,0.056147472000000004,0.068239472,4.0,234.0,0.0,25.0,14837.0,1442.0,350.0,214.0,220.0,1091.0,18600.0,0.0,0,3.0,0.0,0.0,6.0,0.0,20.0,6.0,3.0,34.0,127.0,162.0,0.0,4.0,3.0,6.0,22036.0,32562
BURLEIGH,498000,LNP,Fairly Safe,9.71,-9.71,14,51486.0,0.22887775300000002,0.594336324,0.176844191,390.0,1695.0,51486.0,1.7206683230000002,1372.0,761.0,6020.0,4328.0,8230.0,411,909.0,9546.0,0.5627542560000001,0.046067500000000004,0.058121139,184.0,428.0,26.0,26.0,17580.0,1012.0,152.0,354.0,151.0,502.0,20623.0,42.0,0,72.0,11.0,11.0,136.0,81.0,16.0,26.0,10.0,126.0,156.0,420.0,35.0,20.0,11.0,57.0,24998.0,34979
BURNETT,20927000,LNP,Safe,21.31,-21.31,15,48417.0,0.233822831,0.539872359,0.226222195,280.0,1218.0,48417.0,1.88118527,597.0,535.0,3227.0,2828.0,8390.0,598,766.0,9757.0,0.535362975,0.05247885099999999,0.096252213,10.0,159.0,0.0,10.0,12529.0,1024.0,242.0,88.0,142.0,637.0,14982.0,0.0,0,10.0,0.0,0.0,9.0,0.0,14.0,3.0,0.0,21.0,98.0,124.0,0.0,9.0,4.0,11.0,18376.0,32803
CAIRNS,448503000,ALP,Fairly Safe,6.78,6.78,16,60238.0,0.234038315,0.625634981,0.140260301,266.0,1419.0,60238.0,1.457616649,1277.0,751.0,5960.0,4252.0,8484.0,753,906.0,10145.0,0.556409638,0.050635966,0.092413223,17.0,509.0,7.0,171.0,16765.0,1864.0,125.0,833.0,377.0,1461.0,22433.0,0.0,0,12.0,3.0,0.0,12.0,0.0,13.0,43.0,33.0,86.0,217.0,315.0,0.0,27.0,20.0,44.0,26332.0,31624
CALLIDE,43954210,LNP,Safe,12.23,-12.23,17,46182.0,0.249880906,0.550019488,0.199969685,175.0,1259.0,46182.0,1.949523629,309.0,322.0,2265.0,2124.0,6457.0,568,693.0,7714.0,0.600456281,0.06254029700000001,0.065764023,3.0,269.0,3.0,8.0,10604.0,1023.0,289.0,102.0,238.0,1303.0,13993.0,0.0,0,0.0,0.0,0.0,0.0,0.0,32.0,8.0,3.0,42.0,114.0,157.0,0.0,4.0,14.0,20.0,18835.0,34999
CALOUNDRA,101000000,LNP,Fairly Safe,6.81,-6.81,18,51095.0,0.235404638,0.538076133,0.22667579999999998,350.0,1426.0,51095.0,1.7583726919999998,916.0,694.0,4415.0,4056.0,8793.0,520,983.0,10292.0,0.52370409,0.05326908,0.073803942,113.0,245.0,0.0,15.0,14271.0,1129.0,250.0,164.0,183.0,573.0,17069.0,19.0,0,90.0,10.0,8.0,123.0,0.0,7.0,18.0,9.0,39.0,136.0,295.0,20.0,12.0,8.0,39.0,21329.0,33826
CAPALABA,13893000,ALP,Safe,15.72,15.72,19,47361.0,0.258313802,0.600620764,0.14100209,370.0,1795.0,47361.0,1.9627738119999998,803.0,556.0,3990.0,3695.0,8739.0,527,790.0,10060.0,0.594380011,0.046469993,0.063088659,455.0,573.0,3.0,33.0,16719.0,1110.0,274.0,88.0,118.0,284.0,19918.0,47.0,0,168.0,24.0,13.0,257.0,0.0,124.0,43.0,9.0,180.0,175.0,616.0,53.0,19.0,3.0,80.0,24073.0,35616
CHATSWORTH,2778197,LNP,Marginal,5.8,-5.8,20,51151.0,0.266329104,0.6065570570000001,0.12685969,425.0,2272.0,51151.0,1.888888889,2427.0,1159.0,8491.0,4147.0,5935.0,326,704.0,6959.0,0.615376424,0.040890214,0.050012423,366.0,2202.0,3.0,37.0,16731.0,1256.0,196.0,167.0,128.0,354.0,21707.0,63.0,0,211.0,23.0,8.0,302.0,0.0,182.0,98.0,20.0,315.0,226.0,834.0,50.0,25.0,5.0,83.0,26771.0,34755
CLAYFIELD,27281000,LNP,Marginal,4.83,-4.83,21,52226.0,0.211944242,0.670202581,0.117872324,360.0,2409.0,52226.0,1.54229249,3295.0,1387.0,10935.0,4351.0,4886.0,329,702.0,5922.0,0.63359654,0.039415484,0.051767635,2614.0,1737.0,13.0,93.0,15755.0,1325.0,91.0,415.0,230.0,863.0,23503.0,321.0,0,244.0,78.0,36.0,692.0,0.0,89.0,40.0,20.0,172.0,158.0,1016.0,84.0,20.0,12.0,116.0,28940.0,35392
CONDAMINE,5256880,LNP,Safe,19.81,-19.81,23,57395.0,0.295147661,0.5599094,0.145099747,255.0,1626.0,57395.0,2.102307524,837.0,520.0,4113.0,3301.0,9102.0,645,847.0,10594.0,0.596901131,0.055020729000000004,0.05979903,8.0,131.0,0.0,20.0,18274.0,1439.0,451.0,129.0,215.0,866.0,21713.0,3.0,0,4.0,0.0,0.0,3.0,0.0,5.0,3.0,3.0,19.0,166.0,190.0,3.0,3.0,10.0,15.0,26761.0,35860
COOK,102876437,ALP,Safe,11.67,11.67,24,51639.0,0.290865431,0.5813048279999999,0.127849106,150.0,1302.0,51639.0,1.549927162,519.0,432.0,2906.0,2575.0,7557.0,872,728.0,9154.0,0.574500137,0.061672600999999994,0.097324934,0.0,264.0,0.0,41.0,10700.0,1428.0,200.0,371.0,384.0,2788.0,16351.0,3.0,0,3.0,0.0,0.0,3.0,0.0,6.0,8.0,9.0,30.0,179.0,216.0,3.0,10.0,15.0,27.0,19778.0,33081
COOMERA,72009000,LNP,Fairly Safe,6.94,-6.94,25,74650.0,0.289457468,0.566349632,0.144286671,395.0,1636.0,74650.0,1.874807059,1322.0,690.0,5529.0,5822.0,11543.0,739,1412.0,13700.0,0.5826881079999999,0.045066508,0.079469072,523.0,223.0,8.0,26.0,22859.0,1761.0,338.0,79.0,270.0,415.0,26753.0,91.0,0,183.0,43.0,14.0,334.0,5.0,22.0,18.0,4.0,60.0,212.0,607.0,104.0,18.0,7.0,123.0,32455.0,35785
COOPER,5000000,ALP,Safe,21.29,21.29,3,46556.0,0.277150099,0.60271501,0.120048973,400.0,2502.0,46556.0,1.754429415,3299.0,1539.0,9563.0,3622.0,4097.0,306,504.0,4904.0,0.598198476,0.040803757,0.05215952,840.0,2241.0,0.0,41.0,13517.0,1188.0,81.0,613.0,127.0,974.0,19971.0,155.0,0,105.0,23.0,13.0,300.0,3.0,149.0,82.0,23.0,259.0,165.0,721.0,48.0,20.0,13.0,83.0,24631.0,32116
EVERTON,18045333,LNP,Fairly Safe,9.88,-9.88,28,46194.0,0.269948478,0.594752565,0.135385548,385.0,2173.0,46194.0,1.885209989,1649.0,1035.0,6635.0,4142.0,6360.0,346,648.0,7348.0,0.605545301,0.042414484,0.050858108,1150.0,686.0,7.0,32.0,15315.0,1005.0,158.0,236.0,122.0,369.0,19379.0,139.0,0,483.0,64.0,21.0,705.0,0.0,82.0,42.0,3.0,126.0,141.0,974.0,77.0,12.0,9.0,95.0,24170.0,31542
FERNY GROVE,53094182,ALP,Fairly Safe,9.26,9.26,29,45719.0,0.286248606,0.574465758,0.139088781,380.0,2192.0,45719.0,2.013906532,1870.0,1225.0,6931.0,3960.0,5993.0,322,696.0,7010.0,0.580893043,0.046645898,0.053499480999999995,1754.0,139.0,0.0,25.0,13485.0,961.0,164.0,153.0,109.0,271.0,17369.0,141.0,0,665.0,135.0,39.0,973.0,0.0,45.0,16.0,3.0,63.0,157.0,1195.0,100.0,4.0,8.0,120.0,22789.0,31706
GAVEN,6993000,ALP,Swing,1.43,1.43,30,58463.0,0.280433779,0.5893813179999999,0.130150694,395.0,1665.0,58463.0,1.979756871,1025.0,643.0,4759.0,4684.0,9875.0,562,1009.0,11445.0,0.568963242,0.04345674099999999,0.070118128,243.0,231.0,9.0,23.0,20623.0,1462.0,305.0,74.0,184.0,291.0,23674.0,63.0,0,104.0,24.0,15.0,199.0,23.0,12.0,32.0,6.0,71.0,170.0,441.0,52.0,12.0,9.0,70.0,28187.0,34274
GLADSTONE,46635000,ALP,Safe,41.39,41.39,31,55616.0,0.295940017,0.610417865,0.09366009800000001,250.0,2023.0,55616.0,1.895930044,629.0,511.0,3814.0,2824.0,10946.0,678,715.0,12339.0,0.592175777,0.049874955,0.109610575,3.0,560.0,3.0,54.0,16535.0,1270.0,124.0,149.0,151.0,601.0,19971.0,0.0,0,7.0,0.0,0.0,4.0,0.0,18.0,6.0,5.0,170.0,538.0,715.0,3.0,637.0,18.0,656.0,24923.0,33600
GLASS HOUSE,3000000,LNP,Fairly Safe,6.86,-6.86,32,55380.0,0.25061394,0.5685626579999999,0.18085951600000003,320.0,1459.0,55380.0,2.1001387730000003,991.0,802.0,4302.0,4265.0,9479.0,631,962.0,11068.0,0.53145098,0.053803922000000004,0.071019608,366.0,135.0,4.0,14.0,15100.0,1141.0,508.0,54.0,161.0,627.0,18276.0,41.0,0,137.0,26.0,16.0,223.0,0.0,6.0,9.0,6.0,20.0,157.0,400.0,69.0,8.0,10.0,81.0,23690.0,34983
GREENSLOPES,21931000,ALP,Safe,20.27,20.27,33,47328.0,0.24063979,0.639156525,0.12033046,370.0,2316.0,47328.0,1.639421401,3065.0,1410.0,9824.0,3601.0,4690.0,337,551.0,5576.0,0.610667065,0.043213565,0.054082319000000004,358.0,3425.0,3.0,54.0,14292.0,1134.0,75.0,506.0,138.0,482.0,20734.0,125.0,0,58.0,16.0,7.0,204.0,0.0,189.0,100.0,32.0,326.0,184.0,714.0,35.0,27.0,10.0,74.0,25323.0,35784
GREGORY,32100000,LNP,Safe,27.88,-27.88,34,41497.0,0.29098489,0.60708003,0.10205557,150.0,1924.0,41497.0,1.94515885,350.0,329.0,2622.0,1890.0,6412.0,496,528.0,7432.0,0.6567135789999999,0.063569798,0.050114112,4.0,581.0,0.0,20.0,11389.0,1102.0,203.0,167.0,257.0,1605.0,15447.0,0.0,0,0.0,0.0,0.0,0.0,0.0,85.0,9.0,6.0,98.0,119.0,219.0,0.0,4.0,19.0,23.0,19971.0,35916
GYMPIE,6999000,LNP,Safe,17.36,-17.36,35,49300.0,0.238458418,0.540283976,0.221095335,255.0,1163.0,49300.0,1.827372304,521.0,485.0,2898.0,3240.0,8446.0,657,846.0,9952.0,0.502431365,0.05642792,0.092391855,7.0,148.0,0.0,17.0,11801.0,964.0,318.0,57.0,143.0,567.0,14148.0,5.0,0,8.0,0.0,0.0,16.0,0.0,10.0,5.0,3.0,23.0,96.0,127.0,0.0,8.0,4.0,16.0,17920.0,31792
HERVEY BAY,50600000,LNP,Safe,18.2,-18.2,36,53035.0,0.22091071899999998,0.49791647,0.281191666,290.0,1093.0,53035.0,1.595002524,641.0,602.0,3435.0,3437.0,8952.0,607,1005.0,10565.0,0.48123929600000004,0.051325964,0.11931081,5.0,121.0,0.0,25.0,11608.0,1003.0,159.0,196.0,129.0,491.0,13912.0,3.0,0,6.0,0.0,0.0,4.0,0.0,7.0,6.0,3.0,22.0,150.0,175.0,4.0,8.0,4.0,16.0,16967.0,32809
HILL,1800000,KAP,Safe,39.5,-39.5,27,48456.0,0.26706703,0.555122173,0.177769523,200.0,1427.0,48456.0,1.850235265,561.0,443.0,3106.0,2520.0,7486.0,526,690.0,8705.0,0.5741109529999999,0.06301564700000001,0.074632527,6.0,279.0,3.0,13.0,11939.0,1160.0,234.0,93.0,213.0,1111.0,15174.0,0.0,0,0.0,0.0,0.0,4.0,0.0,40.0,10.0,3.0,50.0,114.0,163.0,0.0,6.0,8.0,16.0,19520.0,31573
HINCHINBROOK,5113000,KAP,Safe,15.11,-15.11,37,52783.0,0.2585681,0.580205748,0.161396662,275.0,1535.0,52783.0,1.9048270580000002,488.0,426.0,3235.0,2892.0,9897.0,529,685.0,11115.0,0.596434234,0.056232355,0.071779402,3.0,477.0,0.0,18.0,16426.0,1362.0,300.0,134.0,295.0,781.0,20019.0,0.0,0,4.0,0.0,0.0,3.0,0.0,28.0,14.0,0.0,51.0,151.0,208.0,0.0,7.0,11.0,19.0,23999.0,30336
INALA,5689000,ALP,Safe,52.19,52.19,38,58495.0,0.285819301,0.612479699,0.10194033699999999,310.0,1377.0,58495.0,1.777317483,1063.0,470.0,4107.0,3340.0,6704.0,585,752.0,8033.0,0.557690761,0.048484361,0.10975315599999999,887.0,453.0,0.0,29.0,14657.0,1533.0,205.0,101.0,102.0,265.0,18442.0,191.0,0,296.0,63.0,21.0,573.0,0.0,38.0,35.0,7.0,84.0,149.0,803.0,81.0,8.0,6.0,103.0,22143.0,32139
IPSWICH WEST,8700000,ALP,Safe,17.43,17.43,41,55108.0,0.290284532,0.572856935,0.13694926300000002,289.0,1484.0,55108.0,1.943808939,638.0,530.0,3172.0,3489.0,9247.0,689,900.0,10836.0,0.583353255,0.049406327,0.082596223,343.0,120.0,0.0,16.0,16204.0,1099.0,356.0,70.0,123.0,375.0,18919.0,63.0,0,303.0,47.0,11.0,412.0,0.0,17.0,11.0,3.0,30.0,150.0,599.0,64.0,4.0,4.0,68.0,23025.0,34345
JORDAN,9230000,ALP,Safe,19.81,19.81,91,59561.6,0.2981886878,0.5956024114,0.1063000998,334.0,1597.4,59561.6,1.9849531991999998,1126.0,517.4,4327.6,3799.2,8619.4,642,891.2,10152.6,0.5877284664,0.0493898874,0.08662352539999998,614.4,509.8,2.0,24.8,17842.6,1552.2,377.6,62.8,139.6,310.6,21665.2,109.8,0,268.0,51.4,15.6,445.8,0.0,81.6,45.2,8.6,137.6,163.2,746.4,74.4,9.4,6.8,95.2,26121.4,31838
KAWANA,8008000,LNP,Safe,26.14,-26.14,43,53503.0,0.26305067,0.531689812,0.205147375,415.0,1521.0,53503.0,1.768902634,987.0,676.0,4952.0,4094.0,9068.0,556,998.0,10621.0,0.527064732,0.046795280999999994,0.073580995,57.0,306.0,5.0,17.0,16254.0,1050.0,204.0,252.0,197.0,403.0,18886.0,14.0,0,67.0,7.0,7.0,90.0,0.0,9.0,28.0,5.0,34.0,155.0,284.0,15.0,14.0,12.0,43.0,23246.0,31885
KEPPEL,5700000,ALP,Fairly Safe,6.28,6.28,44,54580.0,0.26987907699999997,0.573671675,0.156430927,300.0,1657.0,54580.0,1.871815807,887.0,711.0,4247.0,3043.0,9119.0,618,737.0,10472.0,0.577151335,0.052651602,0.07992847900000001,12.0,443.0,0.0,32.0,16991.0,1486.0,235.0,106.0,129.0,540.0,20158.0,0.0,0,3.0,0.0,0.0,3.0,0.0,33.0,24.0,5.0,60.0,119.0,186.0,0.0,12.0,8.0,17.0,24191.0,29974
KURWONGBAH,5000000,ALP,Safe,13.99,13.99,42,53146.0,0.287585143,0.589602228,0.122944342,345.0,1651.0,53146.0,1.8785926380000002,706.0,599.0,3768.0,3988.0,9325.0,593,876.0,10797.0,0.597282569,0.045806024,0.077177995,1237.0,212.0,3.0,22.0,16687.0,1198.0,301.0,70.0,139.0,259.0,20409.0,213.0,0,390.0,101.0,39.0,745.0,0.0,37.0,7.0,3.0,46.0,164.0,951.0,97.0,10.0,5.0,110.0,25061.0,33285
LOCKYER,11762000,LNP,Fairly Safe,8.15,-8.15,45,55221.0,0.279241593,0.5793448139999999,0.141522247,285.0,1542.0,55221.0,2.175097959,652.0,456.0,3241.0,3296.0,8863.0,640,850.0,10357.0,0.579953917,0.055069124000000004,0.072580645,102.0,122.0,3.0,8.0,16527.0,1448.0,553.0,27.0,139.0,488.0,19603.0,10.0,0,142.0,25.0,3.0,182.0,0.0,37.0,11.0,0.0,49.0,133.0,359.0,21.0,13.0,3.0,44.0,24150.0,34983
LOGAN,3960000,ALP,Safe,13.65,13.65,46,50214.0,0.294798263,0.592663401,0.112617995,365.0,1652.0,50214.0,2.208684598,514.0,361.0,2775.0,3055.0,8765.0,537,821.0,10133.0,0.599264124,0.049533154,0.076594398,88.0,485.0,0.0,18.0,16461.0,1213.0,609.0,41.0,137.0,239.0,19468.0,34.0,0,116.0,15.0,3.0,165.0,0.0,163.0,66.0,12.0,243.0,139.0,550.0,28.0,12.0,6.0,48.0,23340.0,33448
MACALISTER,10320000,ALP,Safe,14.9,14.9,92,63558.6666666667,0.277557514333333,0.564880628666667,0.15755053833333302,373.333333333333,1603.0,63558.6666666667,1.85518155033333,998.333333333333,615.666666666667,4483.666666666671,4638.666666666671,10359.6666666667,697,1141.33333333333,12203.333333333301,0.582413264333333,0.0470961713333333,0.0799840043333333,423.333333333333,376.666666666667,3.6666666666666696,21.6666666666667,19010.6666666667,1459.66666666667,330.66666666666697,68.3333333333333,177.0,365.666666666667,22482.0,63.6666666666667,0,139.0,33.3333333333333,15.0,251.0,1.6666666666666698,95.0,32.6666666666667,6.33333333333333,154.333333333333,333.0,738.333333333333,75.3333333333333,30.3333333333333,24.6666666666667,128.333333333333,27362.0,31435
MAIWAR,79731000,GRN,Marginal,3.25,-3.25,56,46006.0,0.20349519600000002,0.701821502,0.09463983,420.0,2611.0,46006.0,1.531649314,4622.0,1527.0,12409.0,3050.0,3088.0,225,418.0,3733.0,0.596992807,0.039144107000000004,0.06462572700000001,1238.0,2655.0,13.0,113.0,11887.0,1157.0,43.0,1093.0,164.0,2008.0,20777.0,318.0,0,51.0,32.0,22.0,438.0,0.0,84.0,79.0,53.0,231.0,190.0,855.0,81.0,30.0,17.0,125.0,25879.0,34467
MANSFIELD,49986786,ALP,Marginal,3.24,3.24,49,46906.0,0.257088645,0.596938558,0.145994116,400.0,1957.0,46906.0,1.811772358,2688.0,963.0,7905.0,3621.0,4737.0,361,643.0,5740.0,0.571023793,0.04175174,0.072669695,57.0,2405.0,3.0,33.0,13548.0,1153.0,137.0,136.0,103.0,447.0,18251.0,72.0,0,34.0,0.0,0.0,106.0,0.0,252.0,123.0,33.0,413.0,138.0,656.0,32.0,20.0,10.0,61.0,22259.0,35925
MAROOCHYDORE,4921000,LNP,Safe,17.03,-17.03,50,52691.0,0.19375225399999998,0.604904063,0.201134919,350.0,1468.0,52691.0,1.634988041,1355.0,884.0,6077.0,4476.0,8929.0,499,989.0,10414.0,0.535871986,0.045967468,0.07049854700000001,43.0,456.0,0.0,19.0,16635.0,1056.0,180.0,316.0,208.0,958.0,20062.0,4.0,0,45.0,0.0,0.0,58.0,0.0,11.0,18.0,14.0,46.0,155.0,256.0,14.0,26.0,10.0,53.0,24630.0,32490
MARYBOROUGH,6612240,ALP,Marginal,4.92,4.92,51,51102.0,0.22623380699999998,0.531701303,0.24190834,240.0,1080.0,51102.0,1.772302002,359.0,408.0,2317.0,2747.0,8897.0,733,883.0,10509.0,0.498195341,0.056327245,0.122826206,7.0,136.0,0.0,28.0,10745.0,853.0,249.0,179.0,108.0,507.0,12978.0,0.0,0,4.0,0.0,0.0,7.0,0.0,10.0,9.0,3.0,22.0,109.0,133.0,0.0,8.0,0.0,9.0,16038.0,32436
MCCONNEL,124760000,ALP,Safe,15.73,15.73,7,62513.0,0.127109561,0.787148273,0.085646186,430.0,2322.0,62513.0,1.126213983,5645.0,1814.0,15961.0,4756.0,4677.0,442,671.0,5793.0,0.619467633,0.038378747000000005,0.075891216,1693.0,4329.0,13.0,201.0,12211.0,1360.0,64.0,1106.0,280.0,7537.0,29386.0,363.0,4,50.0,22.0,36.0,482.0,0.0,63.0,69.0,84.0,263.0,170.0,919.0,81.0,53.0,18.0,158.0,35206.0,33009
MIRANI,268500000,ONP,Fairly Safe,9.63,-9.63,53,53528.0,0.266141085,0.608223733,0.125653863,200.0,1799.0,53528.0,2.062284355,327.0,354.0,2457.0,2185.0,9834.0,561,693.0,11087.0,0.617457232,0.061469672999999996,0.071500778,4.0,629.0,0.0,12.0,15332.0,1164.0,310.0,111.0,216.0,896.0,18818.0,0.0,0,4.0,0.0,0.0,7.0,0.0,79.0,14.0,5.0,101.0,140.0,251.0,0.0,9.0,8.0,21.0,23876.0,33074
MOGGILL,6492500,LNP,Safe,10.06,-10.06,54,47419.0,0.28737425899999997,0.5560851139999999,0.156456273,440.0,2446.0,47419.0,2.044762344,4267.0,1432.0,9527.0,3940.0,3910.0,293,642.0,4849.0,0.5701393920000001,0.03968254,0.059141085,226.0,1226.0,0.0,26.0,14249.0,980.0,114.0,385.0,112.0,314.0,17896.0,131.0,0,347.0,55.0,3.0,544.0,0.0,183.0,67.0,20.0,269.0,231.0,1044.0,68.0,25.0,12.0,104.0,23357.0,33186
MORAYFIELD,70915061,ALP,Safe,17.45,17.45,55,55741.0,0.31118925,0.57742057,0.11164134099999999,330.0,1560.0,55741.0,1.990049751,486.0,474.0,3025.0,3845.0,9981.0,683,891.0,11555.0,0.56341696,0.04870892,0.085790786,1003.0,132.0,6.0,17.0,16599.0,1452.0,384.0,61.0,147.0,292.0,20337.0,110.0,0,309.0,86.0,46.0,553.0,0.0,11.0,14.0,5.0,30.0,162.0,738.0,106.0,5.0,7.0,116.0,24924.0,32128
MOUNT OMMANEY,14334000,ALP,Safe,11.52,11.52,58,46446.0,0.26486672699999997,0.5920854329999999,0.143155492,400.0,2177.0,46446.0,1.8585579209999998,2893.0,1172.0,8310.0,3814.0,4792.0,327,659.0,5785.0,0.595982322,0.041502611,0.059541985,1553.0,565.0,3.0,39.0,14370.0,994.0,99.0,296.0,134.0,315.0,18592.0,300.0,0,420.0,94.0,35.0,849.0,0.0,55.0,47.0,6.0,111.0,170.0,1130.0,107.0,10.0,8.0,128.0,23407.0,34285
MUNDINGBURRA,52000000,ALP,Marginal,2.25,2.25,61,44724.0,0.273656202,0.582282443,0.143971917,300.0,1660.0,44724.0,1.75100296,1318.0,622.0,4697.0,2768.0,6416.0,503,508.0,7430.0,0.547839784,0.050225023,0.099189919,7.0,256.0,0.0,45.0,14025.0,1289.0,90.0,442.0,151.0,468.0,17041.0,4.0,0,0.0,0.0,0.0,8.0,0.0,16.0,28.0,13.0,58.0,143.0,206.0,0.0,9.0,11.0,15.0,20015.0,32802
MURRUMBA,36454000,ALP,Safe,19.04,19.04,62,73389.0,0.303505975,0.565057434,0.131600104,360.0,1653.0,73389.0,1.830928879,1179.0,776.0,5762.0,5479.0,11608.0,812,1158.0,13579.0,0.5876116229999999,0.049099929,0.08294826400000001,732.0,345.0,0.0,49.0,21928.0,1855.0,368.0,95.0,203.0,455.0,26371.0,177.0,0,592.0,94.0,13.0,880.0,0.0,28.0,33.0,3.0,70.0,201.0,1150.0,122.0,11.0,4.0,143.0,32344.0,33077
NANANGO,15700001,LNP,Safe,26.72,-26.72,63,50313.0,0.251942838,0.532764892,0.21539164800000002,230.0,1221.0,50313.0,1.915561052,450.0,435.0,2882.0,2968.0,8000.0,669,877.0,9539.0,0.56178147,0.057482369000000005,0.070379673,10.0,138.0,0.0,14.0,12153.0,967.0,328.0,87.0,154.0,882.0,14876.0,0.0,0,31.0,3.0,0.0,38.0,0.0,8.0,4.0,4.0,20.0,82.0,138.0,3.0,0.0,6.0,13.0,19243.0,35282
NICKLIN,9040000,LNP,Safe,10.56,-10.56,64,51460.0,0.248289934,0.557811893,0.19387874100000002,330.0,1415.0,51460.0,1.8967446019999998,865.0,710.0,4351.0,4114.0,9066.0,548,898.0,10516.0,0.5156322320000001,0.04998948,0.074731748,48.0,206.0,0.0,21.0,15196.0,1004.0,306.0,49.0,181.0,562.0,17736.0,7.0,0,37.0,0.0,3.0,50.0,0.0,11.0,18.0,3.0,30.0,150.0,234.0,4.0,16.0,13.0,38.0,21987.0,31265
NINDERRY,16860000,LNP,Safe,16.76,-16.76,93,59561.6,0.2981886878,0.5956024114,0.1063000998,334.0,1597.4,59561.6,1.9849531991999998,1126.0,517.4,4327.6,3799.2,8619.4,642,891.2,10152.6,0.5877284664,0.0493898874,0.08662352539999998,614.4,509.8,2.0,24.8,17842.6,1552.2,377.6,62.8,139.6,310.6,21665.2,109.8,0,268.0,51.4,15.6,445.8,0.0,81.6,45.2,8.6,137.6,163.2,746.4,74.4,9.4,6.8,95.2,26121.4,35052
NOOSA,12984000,LNP,Safe,23.06,-23.06,65,52125.0,0.230848921,0.5348297360000001,0.234455635,400.0,1468.0,52125.0,1.8063445219999998,1420.0,924.0,6018.0,4850.0,8083.0,442,1077.0,9608.0,0.497975538,0.044959933,0.065837199,45.0,333.0,5.0,24.0,14171.0,1020.0,175.0,189.0,254.0,640.0,17070.0,0.0,0,25.0,0.0,0.0,23.0,0.0,11.0,30.0,7.0,54.0,133.0,211.0,6.0,9.0,8.0,28.0,22156.0,32139
OODGEROO,7763000,LNP,Safe,14.47,-14.47,22,50283.0,0.24726050600000002,0.556987451,0.195652606,400.0,1914.0,50283.0,1.869212114,1379.0,816.0,5322.0,4618.0,7778.0,438,933.0,9147.0,0.5898722270000001,0.041036294,0.056400408,882.0,311.0,3.0,27.0,16050.0,1058.0,202.0,108.0,185.0,447.0,19478.0,68.0,0,178.0,44.0,22.0,320.0,0.0,52.0,29.0,3.0,85.0,235.0,639.0,58.0,15.0,23.0,92.0,24076.0,30722
PINE RIVERS,19100000,ALP,Safe,12.38,12.38,67,53732.0,0.286551775,0.597800194,0.115685253,350.0,1825.0,53732.0,1.976086339,974.0,713.0,4691.0,4332.0,9009.0,587,818.0,10416.0,0.5987643420000001,0.048437775999999995,0.065984113,1269.0,206.0,3.0,17.0,17222.0,1190.0,290.0,96.0,149.0,378.0,21149.0,155.0,0,538.0,86.0,37.0,812.0,0.0,48.0,24.0,8.0,76.0,164.0,1054.0,104.0,4.0,6.0,114.0,26462.0,35007
PUMICESTONE,7645000,LNP,Swing,1.68,-1.68,68,54770.0,0.215957641,0.5055139679999999,0.278510133,300.0,1179.0,54770.0,1.6310121340000001,593.0,496.0,2979.0,3703.0,9179.0,664,993.0,10840.0,0.5107429960000001,0.055152253,0.111327649,374.0,181.0,0.0,10.0,11847.0,1149.0,259.0,110.0,140.0,399.0,14629.0,59.0,0,191.0,19.0,14.0,283.0,0.0,11.0,22.0,4.0,36.0,113.0,435.0,50.0,5.0,0.0,55.0,18244.0,31022
REDCLIFFE,502850000,ALP,Fairly Safe,9.71,9.71,69,49437.0,0.211622874,0.559702247,0.22845237399999999,310.0,1468.0,49437.0,1.600628769,938.0,646.0,4044.0,3909.0,8116.0,505,938.0,9557.0,0.55855816,0.051481645,0.08412207,256.0,309.0,0.0,31.0,13441.0,1004.0,175.0,144.0,154.0,636.0,16387.0,160.0,0,430.0,45.0,9.0,652.0,0.0,20.0,31.0,12.0,61.0,145.0,858.0,95.0,13.0,8.0,114.0,20703.0,35530
REDLANDS,9900000,ALP,Fairly Safe,6.11,6.11,70,51755.0,0.256709497,0.548855183,0.19433871100000003,395.0,1754.0,51755.0,1.935202492,964.0,670.0,4233.0,4205.0,9356.0,528,950.0,10838.0,0.578586413,0.0472406,0.063135388,111.0,419.0,0.0,10.0,15726.0,961.0,335.0,54.0,134.0,341.0,18307.0,14.0,0,117.0,12.0,3.0,142.0,0.0,155.0,33.0,5.0,240.0,600.0,985.0,43.0,66.0,61.0,171.0,23223.0,32804
ROCKHAMPTON,9700000,ALP,Safe,10.38,10.38,71,49573.0,0.277610796,0.565247211,0.157182337,270.0,1485.0,49573.0,1.656260941,664.0,517.0,3377.0,2261.0,7687.0,663,616.0,8959.0,0.570000869,0.05205527099999999,0.09880942,4.0,292.0,0.0,83.0,14247.0,1477.0,222.0,208.0,89.0,726.0,17544.0,0.0,0,4.0,0.0,0.0,13.0,0.0,31.0,14.0,0.0,41.0,142.0,198.0,0.0,4.0,4.0,13.0,20742.0,35259
SANDGATE,956766000,ALP,Safe,26.96,26.96,72,49956.0,0.248338538,0.5935223000000001,0.158239251,365.0,1857.0,49956.0,1.7022356019999998,1556.0,870.0,6080.0,4093.0,7142.0,426,732.0,8299.0,0.596081008,0.046571848,0.06350003900000001,1749.0,772.0,7.0,39.0,14854.0,1107.0,188.0,139.0,116.0,352.0,19595.0,215.0,0,445.0,71.0,46.0,785.0,0.0,32.0,52.0,8.0,95.0,144.0,1025.0,84.0,9.0,8.0,101.0,24231.0,32624
SCENIC RIM,11739000,LNP,Safe,26.25,-26.25,6,58081.0,0.27244709999999994,0.563247878,0.164167284,320.0,1544.0,58081.0,2.1058367000000002,848.0,612.0,3859.0,4023.0,9623.0,664,1039.0,11323.0,0.580149029,0.055427082,0.059464817,53.0,128.0,0.0,11.0,17413.0,1094.0,535.0,44.0,177.0,640.0,20287.0,5.0,0,106.0,13.0,0.0,129.0,0.0,86.0,13.0,3.0,104.0,147.0,377.0,25.0,4.0,7.0,37.0,25622.0,32074
SOUTH BRISBANE,320746000,ALP,Fairly Safe,7.1,7.1,73,55671.0,0.15918521300000002,0.7460616840000001,0.094609402,400.0,2169.0,55671.0,1.3048263,5312.0,1608.0,13452.0,4153.0,4534.0,352,592.0,5474.0,0.5904642929999999,0.038071442999999996,0.07644032,607.0,4521.0,3.0,140.0,12532.0,1228.0,66.0,1562.0,224.0,3570.0,25647.0,227.0,0,23.0,16.0,17.0,286.0,0.0,86.0,87.0,91.0,375.0,282.0,949.0,84.0,46.0,24.0,159.0,31048.0,35137
SOUTHPORT,14911000,LNP,Safe,14.49,-14.49,75,59729.0,0.214552395,0.614508865,0.170838286,365.0,1422.0,59729.0,1.58747803,2113.0,668.0,6657.0,4872.0,8058.0,498,1031.0,9583.0,0.5195090170000001,0.043612425,0.09291641,233.0,419.0,581.0,52.0,17095.0,1547.0,134.0,306.0,203.0,1179.0,22006.0,70.0,10,80.0,14.0,3.0,181.0,104.0,13.0,15.0,15.0,155.0,245.0,577.0,63.0,33.0,26.0,121.0,26456.0,34555
SPRINGWOOD,24003500,ALP,Fairly Safe,7.19,7.19,76,49374.0,0.266273747,0.602989428,0.130858346,370.0,1920.0,49374.0,2.002251019,1439.0,787.0,5719.0,4129.0,7865.0,433,773.0,9071.0,0.605558029,0.043076580999999996,0.061962007,58.0,1514.0,0.0,36.0,17125.0,1184.0,245.0,79.0,131.0,263.0,20865.0,48.0,0,27.0,13.0,0.0,91.0,0.0,265.0,93.0,17.0,380.0,171.0,650.0,31.0,26.0,8.0,64.0,25280.0,30582
STAFFORD,5734000,ALP,Safe,24.21,24.21,77,47287.0,0.231374374,0.63548121,0.133102121,360.0,2174.0,47287.0,1.5872161480000002,2522.0,1262.0,9043.0,3548.0,5235.0,359,582.0,6176.0,0.616710576,0.045050809000000004,0.054911554,1110.0,2280.0,3.0,65.0,14136.0,1125.0,119.0,436.0,133.0,730.0,20486.0,196.0,0,283.0,46.0,23.0,543.0,0.0,96.0,63.0,39.0,198.0,175.0,918.0,53.0,19.0,7.0,79.0,25113.0,34656
STRETTON,695095000,ALP,Safe,19.77,19.77,78,59141.0,0.265839265,0.631845928,0.102314807,400.0,1658.0,59141.0,1.9195939780000002,4360.0,832.0,10197.0,4444.0,4892.0,361,692.0,5950.0,0.559340253,0.042561053,0.086297827,448.0,2457.0,5.0,60.0,17311.0,1642.0,152.0,93.0,136.0,264.0,22712.0,129.0,0,106.0,24.0,7.0,268.0,0.0,259.0,140.0,20.0,427.0,202.0,890.0,63.0,34.0,3.0,97.0,27204.0,32204
THURINGOWA,19525000,ALP,Fairly Safe,8.3,8.3,81,52997.0,0.311979923,0.582731098,0.105100289,300.0,1631.0,52997.0,1.902335205,568.0,485.0,3466.0,3146.0,9261.0,583,666.0,10511.0,0.57917272,0.050233198,0.09595534800000001,9.0,271.0,3.0,24.0,17419.0,1457.0,209.0,188.0,194.0,318.0,20365.0,0.0,0,0.0,3.0,0.0,4.0,0.0,13.0,17.0,12.0,49.0,152.0,201.0,0.0,8.0,9.0,19.0,23650.0,33001
TOOHEY,6110000,ALP,Safe,20.03,20.03,79,54785.0,0.217358766,0.6371086979999999,0.145605549,370.0,1420.0,54785.0,1.7237706369999999,3668.0,755.0,8661.0,3920.0,5110.0,439,659.0,6209.0,0.5132804679999999,0.043459850999999994,0.108938332,695.0,2193.0,5.0,71.0,13596.0,1534.0,143.0,142.0,137.0,644.0,19329.0,195.0,0,105.0,19.0,6.0,329.0,0.0,138.0,97.0,18.0,257.0,167.0,746.0,71.0,23.0,5.0,94.0,23146.0,34476
TOOWOOMBA NORTH,4270000,LNP,Safe,11.44,-11.44,82,50427.0,0.26265691,0.561683225,0.17575901800000002,275.0,1538.0,50427.0,1.693012414,1262.0,826.0,5040.0,3342.0,7405.0,608,726.0,8744.0,0.580002511,0.044364457999999996,0.073243209,9.0,103.0,0.0,73.0,15567.0,1392.0,185.0,209.0,109.0,867.0,18705.0,0.0,0,5.0,0.0,0.0,7.0,0.0,5.0,11.0,10.0,24.0,161.0,193.0,0.0,3.0,9.0,10.0,22145.0,32392
TOWNSVILLE,248900000,ALP,Swing,0.76,0.76,84,49815.0,0.23436715800000002,0.634226639,0.131225534,265.0,1691.0,49815.0,1.5359798830000002,1520.0,774.0,5793.0,3325.0,7480.0,509,609.0,8600.0,0.592599836,0.048578245,0.090507295,3.0,343.0,3.0,54.0,15557.0,1412.0,149.0,489.0,188.0,1210.0,19765.0,3.0,0,5.0,0.0,3.0,8.0,0.0,8.0,17.0,10.0,46.0,277.0,328.0,0.0,26.0,47.0,77.0,23254.0,34151
TRAEGER,11027000,KAP,Safe,56.98,-56.98,57,32588.0,0.288326992,0.619399779,0.092395974,180.0,2021.0,32588.0,1.745252525,390.0,266.0,2015.0,1299.0,4984.0,362,353.0,5696.0,0.695928598,0.061865754,0.063821983,3.0,174.0,0.0,82.0,8947.0,1070.0,151.0,197.0,248.0,1766.0,12843.0,0.0,0,0.0,0.0,0.0,3.0,0.0,6.0,0.0,3.0,9.0,104.0,117.0,0.0,0.0,16.0,23.0,15307.0,32543
WARREGO,100207000,LNP,Safe,18.91,-18.91,85,41111.0,0.269660188,0.570261001,0.160176109,180.0,1480.0,41111.0,1.967829401,290.0,287.0,2531.0,2229.0,5548.0,494,551.0,6593.0,0.643181008,0.05756788400000001,0.05053747,5.0,94.0,0.0,16.0,10655.0,1009.0,316.0,154.0,269.0,1422.0,14083.0,3.0,0,3.0,0.0,0.0,6.0,0.0,7.0,0.0,4.0,11.0,125.0,144.0,0.0,3.0,20.0,28.0,18642.0,32905
WATERFORD,21100000,ALP,Safe,21.5,21.5,86,64271.0,0.286505578,0.579437071,0.134026233,330.0,1419.0,64271.0,1.7555351000000003,709.0,487.0,3689.0,3889.0,10180.0,824,1062.0,12072.0,0.585965272,0.048981406,0.097347553,636.0,488.0,3.0,29.0,18447.0,1657.0,319.0,72.0,127.0,341.0,22386.0,86.0,0,117.0,45.0,28.0,277.0,0.0,108.0,47.0,10.0,163.0,187.0,623.0,79.0,7.0,6.0,91.0,26408.0,35508
WHITSUNDAY,7338000,LNP,Swing,1.36,-1.36,87,59648.0,0.271241282,0.6122250539999999,0.116550429,300.0,1817.0,59648.0,1.8957145869999998,685.0,586.0,4334.0,3769.0,11144.0,646,926.0,12710.0,0.608214181,0.053968668,0.069244048,14.0,678.0,3.0,52.0,18565.0,1461.0,229.0,161.0,415.0,1569.0,23444.0,0.0,0,7.0,0.0,0.0,7.0,0.0,45.0,22.0,9.0,84.0,262.0,357.0,3.0,17.0,18.0,43.0,28572.0,36013
